model,exp_probe-sub_Prec@1,exp_probe-sub_Prec@2,exp_probe-sub_MAP@1,exp_probe-sub_MAP@2,exp_probe_Prec@1,exp_probe_Prec@2,exp_probe_MAP@1,exp_probe_MAP@2,exp_coolant-sub_Prec@1,exp_coolant-sub_Prec@2,exp_coolant-sub_MAP@1,exp_coolant-sub_MAP@2,exp_coolant_Prec@1,exp_coolant_Prec@2,exp_coolant_MAP@1,exp_coolant_MAP@2,exp_hydraulics-sub_Prec@1,exp_hydraulics-sub_Prec@2,exp_hydraulics-sub_MAP@1,exp_hydraulics-sub_MAP@2,exp_hydraulics_Prec@1,exp_hydraulics_Prec@2,exp_hydraulics_MAP@1,exp_hydraulics_MAP@2
BaselineSupervisedRCA,0.3232323232323232,0.7651515151515152,0.3232323232323232,0.5441919191919191,0.3232323232323232,0.7651515151515152,0.3232323232323232,0.5441919191919191,1.0,1.0,1.0,1.0,1.0,1.0,1.0,1.0,0.8791208791208791,0.9743589743589745,0.8791208791208791,0.9267399267399267,0.8791208791208791,0.9743589743589745,0.8791208791208791,0.9267399267399267
LogisticRegressionRCA,0.9722222222222222,0.9722222222222222,0.9722222222222222,0.9722222222222222,0.6792929292929294,0.9116161616161617,0.6792929292929294,0.7954545454545455,1.0,1.0,1.0,1.0,1.0,1.0,1.0,1.0,0.9523809523809524,1.0,0.9523809523809524,0.9761904761904763,0.9761904761904763,1.0,0.9761904761904763,0.9880952380952381
CausalPrioLogisticRegressionRCA,0.9722222222222222,0.9722222222222222,0.9722222222222222,0.9722222222222222,0.9722222222222222,0.9722222222222222,0.9722222222222222,0.9722222222222222,1.0,1.0,1.0,1.0,1.0,1.0,1.0,1.0,0.9523809523809524,1.0,0.9523809523809524,0.9761904761904763,0.9523809523809524,1.0,0.9523809523809524,0.9761904761904763
