model,exp_probe-sub_Prec@1,exp_probe-sub_Prec@3,exp_probe-sub_Prec@5,exp_probe-sub_MAP@1,exp_probe-sub_MAP@3,exp_probe-sub_MAP@5,exp_probe_Prec@1,exp_probe_Prec@3,exp_probe_Prec@5,exp_probe_MAP@1,exp_probe_MAP@3,exp_probe_MAP@5,exp_coolant-sub_Prec@1,exp_coolant-sub_Prec@3,exp_coolant-sub_Prec@5,exp_coolant-sub_MAP@1,exp_coolant-sub_MAP@3,exp_coolant-sub_MAP@5,exp_coolant_Prec@1,exp_coolant_Prec@3,exp_coolant_Prec@5,exp_coolant_MAP@1,exp_coolant_MAP@3,exp_coolant_MAP@5,exp_hydraulics-sub_Prec@1,exp_hydraulics-sub_Prec@3,exp_hydraulics-sub_Prec@5,exp_hydraulics-sub_MAP@1,exp_hydraulics-sub_MAP@3,exp_hydraulics-sub_MAP@5,exp_hydraulics_Prec@1,exp_hydraulics_Prec@3,exp_hydraulics_Prec@5,exp_hydraulics_MAP@1,exp_hydraulics_MAP@3,exp_hydraulics_MAP@5
TimeRecency_BaselineUnsupervisedRCA,0.47058823529411764,0.47058823529411764,0.7647058823529411,0.47058823529411764,0.47058823529411764,0.5360294117647059,0.0,0.38235294117647056,0.47058823529411764,0.0,0.19117647058823528,0.21029411764705883,0.6,1.0,1.0,0.84,0.8533333333333333,0.8833333333333333,0.04,0.2,0.36,0.56,0.3533333333333333,0.44266666666666665,0.17073170731707318,0.6585365853658537,0.7317073170731707,0.5121951219512195,0.4722222222222221,0.5210027100271002,0.024390243902439025,0.07317073170731707,0.12195121951219512,0.24390243902439024,0.18360433604336043,0.20006775067750676
CausalPrioTimeRecencyRCA,0.47058823529411764,0.8529411764705882,1.0,0.47058823529411764,0.5833333333333334,0.678921568627451,0.47058823529411764,0.8529411764705882,1.0,0.47058823529411764,0.5833333333333334,0.678921568627451,1.0,1.0,1.0,1.0,1.0,1.0,1.0,1.0,1.0,1.0,1.0,1.0,0.7317073170731707,0.7317073170731707,0.7317073170731707,0.7560975609756098,0.7439024390243902,0.7439024390243902,0.7317073170731707,0.7317073170731707,0.7317073170731707,0.7560975609756098,0.7439024390243902,0.7439024390243902
